mcc,mnc,lac,cell_id,short_cell_id,rnc,psc,asu,dbm,ta,lat,lon,accuracy,speed,bearing,altitude,measured_at,net_type,neighboring,discovered_at,device,rsrp,rsrq,rssi,rssnr,cqi,rscp,csi_rsrp,csi_rsrq,csi_sinr,ss_rsrp,ss_rsrq,ss_sinr,cdma_dbm,cdma_ecio,evdo_dbm,evdo_ecio,evdo_snr,ec_no,arfcn
230,1,14438,107341079,419301,23,7,23,-67,,50.67681981,13.96201857,3.79,25.87,333,222.1,"2026-09-27T08:54:06.722Z",LTE,false,"2026-09-27T08:54:06.722Z","HONOR REA-NX9",-97,-8,-67,14,,,,,,,,,,,,,,,1579
230,1,14438,107341079,419301,23,7,23,-67,,50.68390461,13.95673465,6.5,28,323.3,254.16,"2026-09-27T08:54:09.170Z",LTE,false,"2026-09-27T08:54:06.722Z","HONOR REA-NX9",-97,-8,-67,14,,,,,,,,,,,,,,,1579
230,1,14438,107341079,419301,23,7,23,-67,,50.68446001,13.95615265,3.79,28.04,323.5,252.96,"2026-09-27T08:54:11.239Z",LTE,false,"2026-09-27T08:54:06.722Z","HONOR REA-NX9",-97,-8,-67,14,,,,,,,,,,,,,,,1579
230,1,14438,107341079,419301,23,7,23,-67,,50.68486881,13.95569571,3.79,27.94,324.6,252.88,"2026-09-27T08:54:13.231Z",LTE,false,"2026-09-27T08:54:06.722Z","HONOR REA-NX9",-97,-8,-67,14,,,,,,,,,,,,,,,1579
230,1,14438,107341079,419301,23,7,23,-67,,50.68527875,13.95525344,3.79,27.55,325.3,252.25,"2026-09-27T08:54:15.237Z",LTE,false,"2026-09-27T08:54:06.722Z","HONOR REA-NX9",-97,-8,-67,14,,,,,,,,,,,,,,,1579
230,1,14438,107341079,419301,23,7,22,-69,3,50.68568601,13.95482201,3.79,26.87,326.8,251.95,"2026-09-27T08:54:17.233Z",LTE,false,"2026-09-27T08:54:06.722Z","HONOR REA-NX9",-103,-13,-69,14,,,,,,,,,,,,,,,1579
230,1,14438,107341079,419301,23,7,22,-69,3,50.68609449,13.95441991,3.79,26.57,329.4,252.26,"2026-09-27T08:54:19.245Z",LTE,false,"2026-09-27T08:54:06.722Z","HONOR REA-NX9",-103,-13,-69,14,,,,,,,,,,,,,,,1579
230,1,14438,107341079,419301,23,7,22,-69,3,50.68650778,13.95405221,3.79,26.23,331.6,252.76,"2026-09-27T08:54:21.240Z",LTE,false,"2026-09-27T08:54:06.722Z","HONOR REA-NX9",-103,-13,-69,14,,,,,,,,,,,,,,,1579
230,1,14438,107341079,419301,23,7,22,-69,3,50.68692628,13.95372519,3.79,25.79,334.5,254.16,"2026-09-27T08:54:23.234Z",LTE,false,"2026-09-27T08:54:06.722Z","HONOR REA-NX9",-103,-13,-69,14,,,,,,,,,,,,,,,1579
230,1,14438,107341079,419301,23,7,22,-69,3,50.68734501,13.95344951,3.79,25.14,339.2,254.51,"2026-09-27T08:54:25.223Z",LTE,false,"2026-09-27T08:54:06.722Z","HONOR REA-NX9",-103,-13,-69,14,,,,,,,,,,,,,,,1579
230,1,14438,107341079,419301,23,7,21,-71,,50.68776277,13.95321781,3.79,24.15,342.2,255.15,"2026-09-27T08:54:27.228Z",LTE,false,"2026-09-27T08:54:06.722Z","HONOR REA-NX9",-112,-18,-71,4,,,,,,,,,,,,,,,1579
230,1,14438,107341079,419301,23,7,21,-71,,50.68817649,13.95302630,3.79,24.06,345.1,255.27,"2026-09-27T08:54:29.233Z",LTE,false,"2026-09-27T08:54:06.722Z","HONOR REA-NX9",-112,-18,-71,4,,,,,,,,,,,,,,,1579
230,1,14438,107341079,419301,23,7,21,-71,,50.68859893,13.95286578,3.79,24.23,348,255.84,"2026-09-27T08:54:31.233Z",LTE,false,"2026-09-27T08:54:06.722Z","HONOR REA-NX9",-112,-18,-71,4,,,,,,,,,,,,,,,1579
230,1,14438,107341079,419301,23,7,21,-71,,50.68903317,13.95274551,3.79,24.49,350.5,255.82,"2026-09-27T08:54:33.236Z",LTE,false,"2026-09-27T08:54:06.722Z","HONOR REA-NX9",-112,-18,-71,4,,,,,,,,,,,,,,,1579
230,1,14438,107341079,419301,23,7,21,-71,,50.68946501,13.95266245,3.79,23.99,354,256.75,"2026-09-27T08:54:35.239Z",LTE,false,"2026-09-27T08:54:06.722Z","HONOR REA-NX9",-112,-18,-71,4,,,,,,,,,,,,,,,1579
230,1,14438,107341080,419301,24,9,20,-73,,50.68967873,13.95263886,3.79,23.78,356.5,256.83,"2026-09-27T08:54:36.237Z",LTE,false,"2026-09-27T08:54:36.237Z","HONOR REA-NX9",-105,-12,-73,4,,,,,,,,,,,,,,,1579
230,1,14438,107341080,419301,24,9,20,-73,,50.69010299,13.95261655,3.79,23.89,359.4,256.92,"2026-09-27T08:54:38.240Z",LTE,false,"2026-09-27T08:54:36.237Z","HONOR REA-NX9",-105,-12,-73,4,,,,,,,,,,,,,,,1579
230,1,14438,107341080,419301,24,9,20,-73,,50.69053796,13.95262375,3.79,24.31,2.4,257.9,"2026-09-27T08:54:40.235Z",LTE,false,"2026-09-27T08:54:36.237Z","HONOR REA-NX9",-105,-12,-73,4,,,,,,,,,,,,,,,1579
230,1,14438,107341080,419301,24,9,20,-73,,50.69097739,13.95266631,3.79,24.47,6.1,259.14,"2026-09-27T08:54:42.224Z",LTE,false,"2026-09-27T08:54:36.237Z","HONOR REA-NX9",-105,-12,-73,4,,,,,,,,,,,,,,,1579
230,1,14438,107341080,419301,24,9,20,-73,,50.69141552,13.95275720,3.79,24.1,9,260.1,"2026-09-27T08:54:44.221Z",LTE,false,"2026-09-27T08:54:36.237Z","HONOR REA-NX9",-105,-12,-73,4,,,,,,,,,,,,,,,1579
230,1,14438,107341080,419301,24,9,20,-73,,50.69184185,13.95287762,3.79,23.94,9.6,260.86,"2026-09-27T08:54:46.226Z",LTE,false,"2026-09-27T08:54:36.237Z","HONOR REA-NX9",-105,-12,-73,4,,,,,,,,,,,,,,,1579
230,1,14438,107341080,419301,24,9,24,-65,,50.69226655,13.95303582,3.79,24.26,13.9,261.86,"2026-09-27T08:54:48.228Z",LTE,false,"2026-09-27T08:54:36.237Z","HONOR REA-NX9",-93,-8,-65,4,,,,,,,,,,,,,,,1579
230,1,14438,107341080,419301,24,9,24,-65,,50.69268833,13.95322210,3.79,24.8,19,262.15,"2026-09-27T08:54:50.236Z",LTE,false,"2026-09-27T08:54:36.237Z","HONOR REA-NX9",-93,-8,-65,4,,,,,,,,,,,,,,,1579
230,1,14438,107341080,419301,24,9,24,-65,,50.69311556,13.95345662,3.79,25.07,23.5,263.38,"2026-09-27T08:54:52.238Z",LTE,false,"2026-09-27T08:54:36.237Z","HONOR REA-NX9",-93,-8,-65,4,,,,,,,,,,,,,,,1579
230,1,14438,107341080,419301,24,9,24,-65,,50.69353188,13.95372960,3.79,25.19,26.8,264.18,"2026-09-27T08:54:54.234Z",LTE,false,"2026-09-27T08:54:36.237Z","HONOR REA-NX9",-93,-8,-65,4,,,,,,,,,,,,,,,1579
230,1,14438,107341080,419301,24,9,24,-65,,50.69393684,13.95402926,3.79,24.72,26.2,265.27,"2026-09-27T08:54:56.223Z",LTE,false,"2026-09-27T08:54:36.237Z","HONOR REA-NX9",-93,-8,-65,4,,,,,,,,,,,,,,,1579
230,1,14438,107341080,419301,24,9,29,-55,4,50.69433503,13.95434255,3.79,24.38,26.9,266.69,"2026-09-27T08:54:58.235Z",LTE,false,"2026-09-27T08:54:36.237Z","HONOR REA-NX9",-91,-11,-55,11,,,,,,,,,,,,,,,1579
230,1,14438,107341080,419301,24,9,29,-55,4,50.69472231,13.95465676,3.79,24.1,26.9,267.68,"2026-09-27T08:55:00.233Z",LTE,false,"2026-09-27T08:54:36.237Z","HONOR REA-NX9",-91,-11,-55,11,,,,,,,,,,,,,,,1579
230,1,14438,107341080,419301,24,9,29,-55,4,50.69510956,13.95495913,3.79,23.75,26.4,268.53,"2026-09-27T08:55:02.241Z",LTE,false,"2026-09-27T08:54:36.237Z","HONOR REA-NX9",-91,-11,-55,11,,,,,,,,,,,,,,,1579
230,1,14438,107341080,419301,24,9,29,-55,4,50.69550184,13.95525596,3.79,24.46,25.3,269.08,"2026-09-27T08:55:04.228Z",LTE,false,"2026-09-27T08:54:36.237Z","HONOR REA-NX9",-91,-11,-55,11,,,,,,,,,,,,,,,1579
230,1,14438,107341080,419301,24,9,29,-55,4,50.69591395,13.95554803,3.79,25.28,23.9,270,"2026-09-27T08:55:06.224Z",LTE,false,"2026-09-27T08:54:36.237Z","HONOR REA-NX9",-91,-11,-55,11,,,,,,,,,,,,,,,1579
230,1,14438,107341080,419301,24,9,19,-75,,50.69634748,13.95580542,3.79,25.87,19.8,270.88,"2026-09-27T08:55:08.232Z",LTE,false,"2026-09-27T08:54:36.237Z","HONOR REA-NX9",-112,-16,-75,5,,,,,,,,,,,,,,,1579
230,1,14438,107341080,419301,24,9,19,-75,,50.69678939,13.95603520,3.79,26.01,12.3,271.64,"2026-09-27T08:55:10.236Z",LTE,false,"2026-09-27T08:54:36.237Z","HONOR REA-NX9",-112,-16,-75,5,,,,,,,,,,,,,,,1579
230,1,14438,107341080,419301,24,9,19,-75,,50.69725099,13.95622157,3.79,26.81,13.1,272.21,"2026-09-27T08:55:12.234Z",LTE,false,"2026-09-27T08:54:36.237Z","HONOR REA-NX9",-112,-16,-75,5,,,,,,,,,,,,,,,1579
230,1,14438,107341080,419301,24,9,19,-75,,50.69773589,13.95636326,3.79,27.25,4.5,273.3,"2026-09-27T08:55:14.228Z",LTE,false,"2026-09-27T08:54:36.237Z","HONOR REA-NX9",-112,-16,-75,5,,,,,,,,,,,,,,,1579
230,1,14438,107341080,419301,24,9,19,-75,,50.69822604,13.95647080,3.79,27.7,5.5,274.78,"2026-09-27T08:55:16.229Z",LTE,false,"2026-09-27T08:54:36.237Z","HONOR REA-NX9",-112,-16,-75,5,,,,,,,,,,,,,,,1579
230,1,14438,107341080,419301,24,9,17,-79,,50.69871734,13.95653837,3.79,27.16,3,275.32,"2026-09-27T08:55:18.224Z",LTE,false,"2026-09-27T08:54:36.237Z","HONOR REA-NX9",-117,-19,-79,5,,,,,,,,,,,,,,,1579
230,1,14438,107341080,419301,24,9,17,-79,,50.69920489,13.95655724,3.79,26.86,0.6,276.22,"2026-09-27T08:55:20.227Z",LTE,false,"2026-09-27T08:54:36.237Z","HONOR REA-NX9",-117,-19,-79,5,,,,,,,,,,,,,,,1579
230,1,14438,107341080,419301,24,9,17,-79,,50.69968766,13.95655406,3.79,26.71,359.5,277.17,"2026-09-27T08:55:22.226Z",LTE,false,"2026-09-27T08:54:36.237Z","HONOR REA-NX9",-117,-19,-79,5,,,,,,,,,,,,,,,1579
230,1,14438,107341080,419301,24,9,17,-79,,50.70016965,13.95653886,3.79,26.99,358.3,277.89,"2026-09-27T08:55:24.222Z",LTE,false,"2026-09-27T08:54:36.237Z","HONOR REA-NX9",-117,-19,-79,5,,,,,,,,,,,,,,,1579
230,1,14438,107341080,419301,24,9,17,-79,,50.70066008,13.95649274,3.79,27.07,356.6,278.84,"2026-09-27T08:55:26.224Z",LTE,false,"2026-09-27T08:54:36.237Z","HONOR REA-NX9",-117,-19,-79,5,,,,,,,,,,,,,,,1579
230,1,14438,107341077,419301,21,10,21,-71,,50.70066008,13.95649274,3.79,27.07,356.6,278.84,"2026-09-27T08:55:26.252Z",LTE,false,"2026-09-27T08:55:26.252Z","HONOR REA-NX9",-108,-16,-71,,,,,,,,,,,,,,,,1579
230,1,14438,107341077,419301,21,10,21,-71,,50.70113865,13.95644713,3.79,26.73,356.4,279.61,"2026-09-27T08:55:28.229Z",LTE,false,"2026-09-27T08:55:26.252Z","HONOR REA-NX9",-108,-16,-71,,,,,,,,,,,,,,,,1579
230,1,14438,107341077,419301,21,10,21,-71,,50.70160911,13.95640262,3.79,26.16,356.7,279.87,"2026-09-27T08:55:30.220Z",LTE,false,"2026-09-27T08:55:26.252Z","HONOR REA-NX9",-108,-16,-71,,,,,,,,,,,,,,,,1579
230,1,14438,107341077,419301,21,10,21,-71,,50.70207777,13.95636832,3.79,25.88,356.8,280.93,"2026-09-27T08:55:32.224Z",LTE,false,"2026-09-27T08:55:26.252Z","HONOR REA-NX9",-108,-16,-71,,,,,,,,,,,,,,,,1579
230,1,14438,107341077,419301,21,10,21,-71,,50.70254454,13.95633561,3.79,25.86,357.8,281.75,"2026-09-27T08:55:34.230Z",LTE,false,"2026-09-27T08:55:26.252Z","HONOR REA-NX9",-108,-16,-71,,,,,,,,,,,,,,,,1579
230,1,14438,107341077,419301,21,10,26,-61,,50.70301584,13.95630889,3.79,26.36,358.6,282.46,"2026-09-27T08:55:36.231Z",LTE,false,"2026-09-27T08:55:26.252Z","HONOR REA-NX9",-94,-12,-61,,,,,,,,,,,,,,,,1579
230,1,14438,107341077,419301,21,10,26,-61,,50.70349238,13.95628918,3.79,26.57,360,283.34,"2026-09-27T08:55:38.239Z",LTE,false,"2026-09-27T08:55:26.252Z","HONOR REA-NX9",-94,-12,-61,,,,,,,,,,,,,,,,1579
230,1,14438,107341077,419301,21,10,26,-61,,50.70396626,13.95630697,3.79,26.21,2.4,283.87,"2026-09-27T08:55:40.238Z",LTE,false,"2026-09-27T08:55:26.252Z","HONOR REA-NX9",-94,-12,-61,,,,,,,,,,,,,,,,1579
230,1,14438,107341077,419301,21,10,26,-61,,50.70442536,13.95636635,3.79,25.59,5.5,284.84,"2026-09-27T08:55:42.241Z",LTE,false,"2026-09-27T08:55:26.252Z","HONOR REA-NX9",-94,-12,-61,,,,,,,,,,,,,,,,1579
230,1,14438,107341077,419301,21,10,26,-61,,50.70487144,13.95644859,3.79,25.03,8.3,286.04,"2026-09-27T08:55:44.236Z",LTE,false,"2026-09-27T08:55:26.252Z","HONOR REA-NX9",-94,-12,-61,,,,,,,,,,,,,,,,1579
230,1,14438,107341077,419301,21,10,26,-61,,50.70531185,13.95657401,3.79,25.03,11.9,287.24,"2026-09-27T08:55:46.225Z",LTE,false,"2026-09-27T08:55:26.252Z","HONOR REA-NX9",-94,-12,-61,,,,,,,,,,,,,,,,1579
230,1,14438,107341077,419301,21,10,20,-73,,50.70575212,13.95674597,3.79,25.11,14.9,288.37,"2026-09-27T08:55:48.240Z",LTE,false,"2026-09-27T08:55:26.252Z","HONOR REA-NX9",-105,-10,-73,6,,,,,,,,,,,,,,,1579
230,1,14438,107341077,419301,21,10,20,-73,,50.70618888,13.95695237,3.79,25.23,18.1,289.98,"2026-09-27T08:55:50.241Z",LTE,false,"2026-09-27T08:55:26.252Z","HONOR REA-NX9",-105,-10,-73,6,,,,,,,,,,,,,,,1579
230,1,14438,107341077,419301,21,10,20,-73,,50.70662201,13.95718927,3.79,25.32,20.9,291.71,"2026-09-27T08:55:52.236Z",LTE,false,"2026-09-27T08:55:26.252Z","HONOR REA-NX9",-105,-10,-73,6,,,,,,,,,,,,,,,1579
230,1,14438,107341077,419301,21,10,20,-73,,50.70703839,13.95746570,3.79,25.31,23.9,293.67,"2026-09-27T08:55:54.232Z",LTE,false,"2026-09-27T08:55:26.252Z","HONOR REA-NX9",-105,-10,-73,6,,,,,,,,,,,,,,,1579
230,1,14438,107341077,419301,21,10,20,-73,13,50.70745027,13.95777032,3.79,25.24,27.1,295.42,"2026-09-27T08:55:56.233Z",LTE,false,"2026-09-27T08:55:26.252Z","HONOR REA-NX9",-105,-12,-73,6,,,,,,,,,,,,,,,1579
230,1,14438,107341077,419301,21,10,20,-73,13,50.70784098,13.95811296,3.79,24.69,30.9,297.4,"2026-09-27T08:55:58.232Z",LTE,false,"2026-09-27T08:55:26.252Z","HONOR REA-NX9",-105,-12,-73,6,,,,,,,,,,,,,,,1579
230,1,14438,107341077,419301,21,10,20,-73,13,50.70820344,13.95848139,3.79,24.09,33.9,299.16,"2026-09-27T08:56:00.238Z",LTE,false,"2026-09-27T08:55:26.252Z","HONOR REA-NX9",-105,-12,-73,6,,,,,,,,,,,,,,,1579
230,1,14438,107341077,419301,21,10,20,-73,13,50.70855769,13.95888520,3.79,24.29,36.5,300.94,"2026-09-27T08:56:02.237Z",LTE,false,"2026-09-27T08:55:26.252Z","HONOR REA-NX9",-105,-12,-73,6,,,,,,,,,,,,,,,1579
230,1,14438,107341077,419301,21,10,20,-73,13,50.70891242,13.95933172,3.79,25.17,39.9,303.01,"2026-09-27T08:56:04.236Z",LTE,false,"2026-09-27T08:55:26.252Z","HONOR REA-NX9",-105,-12,-73,6,,,,,,,,,,,,,,,1579
230,1,14438,107341077,419301,21,10,20,-73,13,50.70924632,13.95981383,3.79,25.18,43,304.65,"2026-09-27T08:56:06.228Z",LTE,false,"2026-09-27T08:55:26.252Z","HONOR REA-NX9",-105,-12,-73,6,,,,,,,,,,,,,,,1579
230,1,14438,107341077,419301,21,10,20,-73,13,50.70956178,13.96032498,3.79,25.27,46.2,306.46,"2026-09-27T08:56:08.220Z",LTE,false,"2026-09-27T08:55:26.252Z","HONOR REA-NX9",-95,-6,-73,2,,,,,,,,,,,,,,,1579
230,1,14438,107341077,419301,21,10,20,-73,13,50.70986051,13.96085586,3.79,25.51,49.2,307.96,"2026-09-27T08:56:10.234Z",LTE,false,"2026-09-27T08:55:26.252Z","HONOR REA-NX9",-95,-6,-73,2,,,,,,,,,,,,,,,1579
230,1,14438,107341077,419301,21,10,20,-73,13,50.71014180,13.96142730,3.79,25.52,52.4,310.23,"2026-09-27T08:56:12.224Z",LTE,false,"2026-09-27T08:55:26.252Z","HONOR REA-NX9",-95,-6,-73,2,,,,,,,,,,,,,,,1579
230,1,14438,107341077,419301,21,10,20,-73,13,50.71041007,13.96201675,3.79,25.6,55.1,311.35,"2026-09-27T08:56:14.230Z",LTE,false,"2026-09-27T08:55:26.252Z","HONOR REA-NX9",-95,-6,-73,2,,,,,,,,,,,,,,,1579
230,1,14438,107341077,419301,21,10,17,-79,,50.71065964,13.96262692,3.79,25.55,57.9,312.21,"2026-09-27T08:56:16.219Z",LTE,false,"2026-09-27T08:55:26.252Z","HONOR REA-NX9",-110,-11,-79,2,,,,,,,,,,,,,,,1579
230,1,14438,107341077,419301,21,10,17,-79,,50.71088844,13.96323962,3.79,24.98,60.2,314.1,"2026-09-27T08:56:18.234Z",LTE,false,"2026-09-27T08:55:26.252Z","HONOR REA-NX9",-110,-11,-79,2,,,,,,,,,,,,,,,1579
230,1,14438,107341077,419301,21,10,17,-79,,50.71109716,13.96386232,3.79,24.82,62.7,315.52,"2026-09-27T08:56:20.235Z",LTE,false,"2026-09-27T08:55:26.252Z","HONOR REA-NX9",-110,-11,-79,2,,,,,,,,,,,,,,,1579
230,1,14438,107341077,419301,21,10,17,-79,,50.71129082,13.96449750,3.79,24.83,64.7,316.87,"2026-09-27T08:56:22.237Z",LTE,false,"2026-09-27T08:55:26.252Z","HONOR REA-NX9",-110,-11,-79,2,,,,,,,,,,,,,,,1579
230,1,14438,107341077,419301,21,10,17,-79,,50.71147189,13.96513580,3.79,24.78,66.3,318.36,"2026-09-27T08:56:24.241Z",LTE,false,"2026-09-27T08:55:26.252Z","HONOR REA-NX9",-110,-11,-79,2,,,,,,,,,,,,,,,1579
230,1,14438,107341077,419301,21,10,17,-79,,50.71163085,13.96578810,3.79,24.75,68.3,321.48,"2026-09-27T08:56:26.230Z",LTE,false,"2026-09-27T08:55:26.252Z","HONOR REA-NX9",-110,-11,-79,2,,,,,,,,,,,,,,,1579
230,1,14438,107341077,419301,21,10,17,-79,,50.71178425,13.96645057,3.79,25.33,70.6,323.96,"2026-09-27T08:56:28.223Z",LTE,false,"2026-09-27T08:55:26.252Z","HONOR REA-NX9",-110,-11,-79,2,,,,,,,,,,,,,,,1579
230,1,14438,107341077,419301,21,10,17,-79,,50.71193518,13.96712725,3.79,25.34,71.4,325.71,"2026-09-27T08:56:30.235Z",LTE,false,"2026-09-27T08:55:26.252Z","HONOR REA-NX9",-110,-11,-79,2,,,,,,,,,,,,,,,1579
230,1,14438,107341077,419301,21,10,17,-79,,50.71207612,13.96781469,3.79,25.4,72.9,326.69,"2026-09-27T08:56:32.368Z",LTE,false,"2026-09-27T08:55:26.252Z","HONOR REA-NX9",-110,-11,-79,2,,,,,,,,,,,,,,,1579
230,1,14438,107341077,419301,21,10,17,-79,,50.71220982,13.96850790,3.79,25.56,73.9,328.01,"2026-09-27T08:56:34.353Z",LTE,false,"2026-09-27T08:55:26.252Z","HONOR REA-NX9",-110,-11,-79,2,,,,,,,,,,,,,,,1579
230,1,14438,107341077,419301,21,10,17,-79,,50.71233304,13.96920775,3.79,25.79,74.7,329.71,"2026-09-27T08:56:36.271Z",LTE,false,"2026-09-27T08:55:26.252Z","HONOR REA-NX9",-110,-11,-79,2,,,,,,,,,,,,,,,1579
230,1,14438,107341077,419301,21,10,17,-79,,50.71245493,13.96991977,3.79,25.98,75.2,331.49,"2026-09-27T08:56:38.344Z",LTE,false,"2026-09-27T08:55:26.252Z","HONOR REA-NX9",-110,-11,-79,2,,,,,,,,,,,,,,,1579
230,1,14438,107341077,419301,21,10,17,-79,,50.71256931,13.97062684,3.79,26.02,75.6,333.28,"2026-09-27T08:56:40.364Z",LTE,false,"2026-09-27T08:55:26.252Z","HONOR REA-NX9",-110,-11,-79,2,,,,,,,,,,,,,,,1579
230,1,14438,107341077,419301,21,10,23,-67,17,50.71268946,13.97133579,3.79,25.88,75.3,335.93,"2026-09-27T08:56:42.342Z",LTE,false,"2026-09-27T08:55:26.252Z","HONOR REA-NX9",-105,-12,-67,,,,,,,,,,,,,,,,1579
230,1,14438,107341077,419301,21,10,23,-67,17,50.71280760,13.97204827,3.79,26.01,76,337.78,"2026-09-27T08:56:44.351Z",LTE,false,"2026-09-27T08:55:26.252Z","HONOR REA-NX9",-105,-12,-67,,,,,,,,,,,,,,,,1579
230,1,14438,107341077,419301,21,10,23,-67,17,50.71291934,13.97276802,3.79,26.13,75.3,339.9,"2026-09-27T08:56:46.346Z",LTE,false,"2026-09-27T08:55:26.252Z","HONOR REA-NX9",-105,-12,-67,,,,,,,,,,,,,,,,1579
230,1,14438,107341077,419301,21,10,23,-67,17,50.71303956,13.97348347,9.94,26.11,75.3,341.96,"2026-09-27T08:56:48.359Z",LTE,false,"2026-09-27T08:55:26.252Z","HONOR REA-NX9",-105,-12,-67,,,,,,,,,,,,,,,,1579
230,1,14438,107341077,419301,21,10,23,-67,17,50.71315829,13.97420749,9.94,26.15,75.4,344.6,"2026-09-27T08:56:50.378Z",LTE,false,"2026-09-27T08:55:26.252Z","HONOR REA-NX9",-105,-12,-67,,,,,,,,,,,,,,,,1579
230,1,14438,107341077,419301,21,10,23,-67,17,50.71327891,13.97492260,9.94,26.18,74.9,346.47,"2026-09-27T08:56:52.368Z",LTE,false,"2026-09-27T08:55:26.252Z","HONOR REA-NX9",-105,-12,-67,,,,,,,,,,,,,,,,1579
230,1,14438,107341077,419301,21,10,23,-67,17,50.71339636,13.97563013,9.94,26.03,74.6,348.32,"2026-09-27T08:56:54.351Z",LTE,false,"2026-09-27T08:55:26.252Z","HONOR REA-NX9",-105,-12,-67,,,,,,,,,,,,,,,,1579
230,1,14438,107341077,419301,21,10,23,-67,17,50.71352376,13.97634679,9.94,26.38,74,349.51,"2026-09-27T08:56:56.354Z",LTE,false,"2026-09-27T08:55:26.252Z","HONOR REA-NX9",-105,-12,-67,,,,,,,,,,,,,,,,1579
230,1,14438,107341077,419301,21,10,23,-67,17,50.71365552,13.97706876,9.94,26.58,73,351.44,"2026-09-27T08:56:58.344Z",LTE,false,"2026-09-27T08:55:26.252Z","HONOR REA-NX9",-105,-12,-67,,,,,,,,,,,,,,,,1579
230,1,14438,107341077,419301,21,10,23,-67,17,50.71379997,13.97779159,9.94,26.57,72.4,353.18,"2026-09-27T08:57:00.353Z",LTE,false,"2026-09-27T08:55:26.252Z","HONOR REA-NX9",-105,-12,-67,,,,,,,,,,,,,,,,1579
230,1,14438,107341077,419301,21,10,23,-67,17,50.71394283,13.97851350,9.94,26.78,71.8,355.27,"2026-09-27T08:57:02.349Z",LTE,false,"2026-09-27T08:55:26.252Z","HONOR REA-NX9",-105,-12,-67,,,,,,,,,,,,,,,,1579
230,1,14438,107341077,419301,21,10,23,-67,17,50.71410046,13.97923923,9.94,26.97,70.5,357.22,"2026-09-27T08:57:04.353Z",LTE,false,"2026-09-27T08:55:26.252Z","HONOR REA-NX9",-105,-12,-67,,,,,,,,,,,,,,,,1579
230,1,14438,107341077,419301,21,10,22,-69,,50.71426728,13.97997265,9.94,27.14,70,358.34,"2026-09-27T08:57:06.341Z",LTE,false,"2026-09-27T08:55:26.252Z","HONOR REA-NX9",-98,-8,-69,2,,,,,,,,,,,,,,,1579
230,1,14438,107341077,419301,21,10,22,-69,,50.71442479,13.98069293,9.94,27.37,69.8,359.64,"2026-09-27T08:57:08.349Z",LTE,false,"2026-09-27T08:55:26.252Z","HONOR REA-NX9",-98,-8,-69,2,,,,,,,,,,,,,,,1579
230,1,14438,107341077,419301,21,10,22,-69,,50.71460687,13.98142794,9.94,27.67,68.4,361.59,"2026-09-27T08:57:10.241Z",LTE,false,"2026-09-27T08:55:26.252Z","HONOR REA-NX9",-98,-8,-69,2,,,,,,,,,,,,,,,1579
230,1,14438,107341077,419301,21,10,22,-69,,50.71479642,13.98215468,9.94,27.87,67.6,363.06,"2026-09-27T08:57:12.237Z",LTE,false,"2026-09-27T08:55:26.252Z","HONOR REA-NX9",-98,-8,-69,2,,,,,,,,,,,,,,,1579
230,1,14438,107341077,419301,21,10,22,-69,,50.71498801,13.98287934,9.94,27.73,67.1,365.02,"2026-09-27T08:57:14.336Z",LTE,false,"2026-09-27T08:55:26.252Z","HONOR REA-NX9",-98,-8,-69,2,,,,,,,,,,,,,,,1579
230,1,14438,107341077,419301,21,10,22,-69,,50.71518781,13.98359509,9.94,27.62,65.9,366.82,"2026-09-27T08:57:16.367Z",LTE,false,"2026-09-27T08:55:26.252Z","HONOR REA-NX9",-98,-8,-69,2,,,,,,,,,,,,,,,1579
230,1,14438,107341077,419301,21,10,22,-69,,50.71539060,13.98430194,9.94,27.46,65.2,368.43,"2026-09-27T08:57:18.350Z",LTE,false,"2026-09-27T08:55:26.252Z","HONOR REA-NX9",-98,-8,-69,2,,,,,,,,,,,,,,,1579
230,1,14438,107341077,419301,21,10,22,-69,,50.71560188,13.98500013,9.94,27.18,64.1,370.16,"2026-09-27T08:57:20.345Z",LTE,false,"2026-09-27T08:55:26.252Z","HONOR REA-NX9",-98,-8,-69,2,,,,,,,,,,,,,,,1579
230,1,14438,107341077,419301,21,10,22,-69,,50.71581639,13.98568938,9.94,27.12,63.7,371.93,"2026-09-27T08:57:22.341Z",LTE,false,"2026-09-27T08:55:26.252Z","HONOR REA-NX9",-98,-8,-69,,,,,,,,,,,,,,,,1579
230,1,14438,107341077,419301,21,10,22,-69,,50.71603346,13.98638315,9.94,27.33,63.5,373.6,"2026-09-27T08:57:24.341Z",LTE,false,"2026-09-27T08:55:26.252Z","HONOR REA-NX9",-98,-8,-69,,,,,,,,,,,,,,,,1579
230,1,14438,107341077,419301,21,10,22,-69,,50.71625823,13.98706871,9.94,27.26,62.1,374.98,"2026-09-27T08:57:26.358Z",LTE,false,"2026-09-27T08:55:26.252Z","HONOR REA-NX9",-98,-8,-69,,,,,,,,,,,,,,,,1579
230,1,14438,107341077,419301,21,10,22,-69,,50.71648953,13.98774791,9.94,27.31,61.4,376.41,"2026-09-27T08:57:28.344Z",LTE,false,"2026-09-27T08:55:26.252Z","HONOR REA-NX9",-98,-8,-69,,,,,,,,,,,,,,,,1579
230,1,14438,107341077,419301,21,10,22,-69,,50.71672520,13.98842408,9.94,27.14,60.6,378.14,"2026-09-27T08:57:30.367Z",LTE,false,"2026-09-27T08:55:26.252Z","HONOR REA-NX9",-98,-8,-69,,,,,,,,,,,,,,,,1579
230,1,14438,107341077,419301,21,10,22,-69,,50.71695668,13.98906976,9.94,25.91,60,380.05,"2026-09-27T08:57:32.338Z",LTE,false,"2026-09-27T08:55:26.252Z","HONOR REA-NX9",-98,-8,-69,,,,,,,,,,,,,,,,1579
230,1,14438,107341077,419301,21,10,22,-69,,50.71718134,13.98969071,9.94,25.22,59.7,382.7,"2026-09-27T08:57:34.364Z",LTE,false,"2026-09-27T08:55:26.252Z","HONOR REA-NX9",-98,-8,-69,,,,,,,,,,,,,,,,1579
230,1,14438,107341077,419301,21,10,22,-69,,50.71740573,13.99029431,9.94,24.87,58.7,385.37,"2026-09-27T08:57:36.346Z",LTE,false,"2026-09-27T08:55:26.252Z","HONOR REA-NX9",-98,-8,-69,,,,,,,,,,,,,,,,1579
230,1,14438,107341077,419301,21,10,22,-69,,50.71764487,13.99088235,9.94,25.01,57.9,387.37,"2026-09-27T08:57:38.362Z",LTE,false,"2026-09-27T08:55:26.252Z","HONOR REA-NX9",-98,-8,-69,,,,,,,,,,,,,,,,1579
230,1,14438,107341077,419301,21,10,22,-69,,50.71787718,13.99148569,9.94,25.35,57.4,390.25,"2026-09-27T08:57:40.339Z",LTE,false,"2026-09-27T08:55:26.252Z","HONOR REA-NX9",-98,-8,-69,,,,,,,,,,,,,,,,1579
230,1,14438,107341077,419301,21,10,22,-69,,50.71812812,13.99209465,9.94,25.73,56.5,392.24,"2026-09-27T08:57:42.353Z",LTE,false,"2026-09-27T08:55:26.252Z","HONOR REA-NX9",-98,-8,-69,,,,,,,,,,,,,,,,1579
230,1,14438,107341077,419301,21,10,22,-69,,50.71839543,13.99269950,9.94,26.11,55.5,394.85,"2026-09-27T08:57:44.357Z",LTE,false,"2026-09-27T08:55:26.252Z","HONOR REA-NX9",-98,-8,-69,,,,,,,,,,,,,,,,1579
230,1,14438,107341077,419301,21,10,22,-69,,50.71866728,13.99330794,9.94,26.19,54.7,397.7,"2026-09-27T08:57:46.380Z",LTE,false,"2026-09-27T08:55:26.252Z","HONOR REA-NX9",-98,-8,-69,,,,,,,,,,,,,,,,1579
230,1,14438,105124118,410641,22,193,24,-65,,50.71866728,13.99330794,9.94,26.19,54.7,397.7,"2026-09-27T08:57:46.439Z",LTE,false,"2026-09-27T08:57:46.439Z","HONOR REA-NX9",-106,-20,-65,2,,,,,,,,,,,,,,,1579
230,1,14438,105124118,410641,22,193,24,-65,,50.71894694,13.99391290,9.94,26.57,53.5,399.36,"2026-09-27T08:57:48.373Z",LTE,false,"2026-09-27T08:57:46.439Z","HONOR REA-NX9",-106,-20,-65,2,,,,,,,,,,,,,,,1579
230,1,14438,105124118,410641,22,193,24,-65,,50.71923785,13.99452059,9.94,26.82,52.4,401.32,"2026-09-27T08:57:50.355Z",LTE,false,"2026-09-27T08:57:46.439Z","HONOR REA-NX9",-106,-20,-65,2,,,,,,,,,,,,,,,1579
230,1,14438,105124118,410641,22,193,24,-65,,50.71952613,13.99510457,9.94,25.76,51.6,403.36,"2026-09-27T08:57:52.362Z",LTE,false,"2026-09-27T08:57:46.439Z","HONOR REA-NX9",-106,-20,-65,2,,,,,,,,,,,,,,,1579
230,1,14438,105124118,410641,22,193,24,-65,,50.71979878,13.99564147,9.94,24.32,50.6,404.49,"2026-09-27T08:57:54.360Z",LTE,false,"2026-09-27T08:57:46.439Z","HONOR REA-NX9",-106,-20,-65,2,,,,,,,,,,,,,,,1579
230,1,14438,105124118,410641,22,193,24,-65,,50.72006089,13.99614536,9.94,22.81,50.5,407.25,"2026-09-27T08:57:56.369Z",LTE,false,"2026-09-27T08:57:46.439Z","HONOR REA-NX9",-106,-20,-65,2,,,,,,,,,,,,,,,1579
230,1,14438,105124118,410641,22,193,24,-65,,50.72043270,13.99684791,9.94,20.36,49.7,410.23,"2026-09-27T08:57:59.360Z",LTE,false,"2026-09-27T08:57:46.439Z","HONOR REA-NX9",-106,-20,-65,2,,,,,,,,,,,,,,,1579
230,1,14438,105124118,410641,22,193,24,-65,,50.72078135,13.99744725,3.79,18.79,46.9,412.48,"2026-09-27T08:58:02.217Z",LTE,false,"2026-09-27T08:57:46.439Z","HONOR REA-NX9",-106,-20,-65,2,,,,,,,,,,,,,,,1579
230,1,14438,105124118,410641,22,193,22,-69,,50.72113846,13.99802778,3.79,19.17,44.7,415.17,"2026-09-27T08:58:05.215Z",LTE,false,"2026-09-27T08:57:46.439Z","HONOR REA-NX9",-102,-12,-69,,,,,,,,,,,,,,,,1579
230,1,14438,105124118,410641,22,193,22,-69,,50.72148459,13.99857706,3.79,17.89,47.1,417.62,"2026-09-27T08:58:08.219Z",LTE,false,"2026-09-27T08:57:46.439Z","HONOR REA-NX9",-102,-12,-69,,,,,,,,,,,,,,,,1579
230,1,14438,105124118,410641,22,193,22,-69,,50.72174022,13.99917657,3.79,16.5,63.4,420.42,"2026-09-27T08:58:11.235Z",LTE,false,"2026-09-27T08:57:46.439Z","HONOR REA-NX9",-102,-12,-69,,,,,,,,,,,,,,,,1579
230,1,14438,105124118,410641,22,193,19,-75,4,50.72186911,13.99982510,3.79,16.19,79.7,422.92,"2026-09-27T08:58:14.219Z",LTE,false,"2026-09-27T08:57:46.439Z","HONOR REA-NX9",-106,-12,-75,9,,,,,,,,,,,,,,,1579
230,1,14438,105124118,410641,22,193,19,-75,4,50.72189674,14.00052544,3.79,16.84,91.2,425.66,"2026-09-27T08:58:17.226Z",LTE,false,"2026-09-27T08:57:46.439Z","HONOR REA-NX9",-106,-12,-75,9,,,,,,,,,,,,,,,1579
230,1,14438,105124118,410641,22,193,19,-75,4,50.72183861,14.00124171,3.79,16.61,110.4,427.94,"2026-09-27T08:58:20.232Z",LTE,false,"2026-09-27T08:57:46.439Z","HONOR REA-NX9",-106,-12,-75,9,,,,,,,,,,,,,,,1579
230,1,14438,105124118,410641,22,193,22,-69,3,50.72185440,14.00190490,3.79,15.18,93.1,430.2,"2026-09-27T08:58:23.227Z",LTE,false,"2026-09-27T08:57:46.439Z","HONOR REA-NX9",-101,-11,-69,9,,,,,,,,,,,,,,,1579
230,1,14438,105124118,410641,22,193,22,-69,3,50.72217397,14.00254251,3.79,13.8,55.4,433.63,"2026-09-27T08:58:27.229Z",LTE,false,"2026-09-27T08:57:46.439Z","HONOR REA-NX9",-101,-11,-69,9,,,,,,,,,,,,,,,1579
230,1,14438,105124118,410641,22,193,22,-69,3,50.72263342,14.00274015,3.79,10.28,24.1,435.38,"2026-09-27T08:58:32.227Z",LTE,false,"2026-09-27T08:57:46.439Z","HONOR REA-NX9",-101,-11,-69,9,,,,,,,,,,,,,,,1579
230,1,14438,105124118,410641,22,193,31,-51,,50.72304043,14.00323890,3.79,12.93,52,437.71,"2026-09-27T08:58:37.239Z",LTE,false,"2026-09-27T08:57:46.439Z","HONOR REA-NX9",-84,-13,-51,10,,,,,,,,,,,,,,,1579
230,1,14438,105124118,410641,22,193,31,-51,,50.72330644,14.00373172,3.79,16.69,46.7,440.8,"2026-09-27T08:58:40.235Z",LTE,false,"2026-09-27T08:57:46.439Z","HONOR REA-NX9",-84,-13,-51,10,,,,,,,,,,,,,,,1579
230,1,14438,105124118,410641,22,193,31,-51,2,50.72363961,14.00422503,3.79,17.37,41.5,441.99,"2026-09-27T08:58:43.226Z",LTE,false,"2026-09-27T08:57:46.439Z","HONOR REA-NX9",-85,-13,-51,18,,,,,,,,,,,,,,,1579
230,1,14438,105124118,410641,22,193,31,-51,2,50.72401910,14.00467153,3.79,17.85,35.7,443.55,"2026-09-27T08:58:46.238Z",LTE,false,"2026-09-27T08:57:46.439Z","HONOR REA-NX9",-85,-13,-51,18,,,,,,,,,,,,,,,1579
230,1,14438,105124118,410641,22,193,31,-51,2,50.72445100,14.00503632,3.79,18.53,28.1,445.4,"2026-09-27T08:58:49.240Z",LTE,false,"2026-09-27T08:57:46.439Z","HONOR REA-NX9",-85,-13,-51,18,,,,,,,,,,,,,,,1579
230,1,14438,105124118,410641,22,193,31,-51,2,50.72492275,14.00535747,3.79,19.37,25.6,447.74,"2026-09-27T08:58:52.238Z",LTE,false,"2026-09-27T08:57:46.439Z","HONOR REA-NX9",-85,-13,-51,18,,,,,,,,,,,,,,,1579
230,1,14438,105124118,410641,22,193,31,-51,1,50.72543002,14.00571450,3.79,21.07,23.7,450.47,"2026-09-27T08:58:55.236Z",LTE,false,"2026-09-27T08:57:46.439Z","HONOR REA-NX9",-74,-8,-51,9,,,,,,,,,,,,,,,1579
230,1,14438,105124118,410641,22,193,31,-51,1,50.72595374,14.00608891,3.79,21.54,24.6,452.87,"2026-09-27T08:58:58.247Z",LTE,false,"2026-09-27T08:57:46.439Z","HONOR REA-NX9",-74,-8,-51,9,,,,,,,,,,,,,,,1579
230,1,14438,105124118,410641,22,193,31,-51,1,50.72648800,14.00646093,3.79,21.87,23.9,454.87,"2026-09-27T08:59:01.238Z",LTE,false,"2026-09-27T08:57:46.439Z","HONOR REA-NX9",-74,-8,-51,9,,,,,,,,,,,,,,,1579
230,1,14438,105124119,410641,23,185,25,-63,1,50.72666797,14.00658802,3.79,21.9,24.1,455.72,"2026-09-27T08:59:03.206Z",LTE,false,"2026-09-27T08:59:03.206Z","HONOR REA-NX9",-94,-11,-63,11,,,,,,,,,,,,,,,1579
230,1,14438,105124119,410641,23,185,25,-63,1,50.72720786,14.00695671,3.79,21.8,23.7,457.91,"2026-09-27T08:59:05.240Z",LTE,false,"2026-09-27T08:59:03.206Z","HONOR REA-NX9",-94,-11,-63,11,,,,,,,,,,,,,,,1579
230,1,14438,105124119,410641,23,185,25,-63,1,50.72773446,14.00732984,3.79,21.23,26.7,459.57,"2026-09-27T08:59:08.239Z",LTE,false,"2026-09-27T08:59:03.206Z","HONOR REA-NX9",-94,-11,-63,11,,,,,,,,,,,,,,,1579
230,1,14438,105124119,410641,23,185,25,-63,1,50.72826654,14.00769717,3.79,21.68,27.3,460.99,"2026-09-27T08:59:11.234Z",LTE,false,"2026-09-27T08:59:03.206Z","HONOR REA-NX9",-94,-11,-63,11,,,,,,,,,,,,,,,1579
230,1,14438,105124119,410641,23,185,31,-51,,50.72878849,14.00806103,3.79,20.72,29.3,461.73,"2026-09-27T08:59:14.231Z",LTE,false,"2026-09-27T08:59:03.206Z","HONOR REA-NX9",-75,-6,-51,11,,,,,,,,,,,,,,,1579
230,1,14438,105124119,410641,23,185,31,-51,,50.72927889,14.00841561,3.79,19.43,30.7,462.3,"2026-09-27T08:59:17.236Z",LTE,false,"2026-09-27T08:59:03.206Z","HONOR REA-NX9",-75,-6,-51,11,,,,,,,,,,,,,,,1579
230,1,14438,105124119,410641,23,185,31,-51,,50.72974676,14.00874516,3.79,18.92,30,462.97,"2026-09-27T08:59:20.235Z",LTE,false,"2026-09-27T08:59:03.206Z","HONOR REA-NX9",-75,-6,-51,11,,,,,,,,,,,,,,,1579
230,1,14438,105124119,410641,23,185,30,-53,,50.73022974,14.00908585,3.79,19.91,28.8,463.55,"2026-09-27T08:59:23.231Z",LTE,false,"2026-09-27T08:59:03.206Z","HONOR REA-NX9",-83,-9,-53,24,,,,,,,,,,,,,,,1579
230,1,14438,105124119,410641,23,185,30,-53,,50.73074107,14.00944149,3.79,20.95,24.1,463.58,"2026-09-27T08:59:26.235Z",LTE,false,"2026-09-27T08:59:03.206Z","HONOR REA-NX9",-83,-9,-53,24,,,,,,,,,,,,,,,1579
230,1,14438,105124119,410641,23,185,30,-53,,50.73125741,14.00980890,3.79,21.22,24.1,463.53,"2026-09-27T08:59:29.241Z",LTE,false,"2026-09-27T08:59:03.206Z","HONOR REA-NX9",-83,-9,-53,24,,,,,,,,,,,,,,,1579
230,1,14438,105124119,410641,23,185,30,-53,,50.73178134,14.01018381,3.79,21.25,25.8,463.92,"2026-09-27T08:59:32.233Z",LTE,false,"2026-09-27T08:59:03.206Z","HONOR REA-NX9",-83,-9,-53,24,,,,,,,,,,,,,,,1579
230,1,14438,105124119,410641,23,185,26,-61,,50.73229790,14.01054031,3.79,20.88,24.2,463.54,"2026-09-27T08:59:35.232Z",LTE,false,"2026-09-27T08:59:03.206Z","HONOR REA-NX9",-92,-10,-61,24,,,,,,,,,,,,,,,1579
230,1,14438,105124119,410641,23,185,26,-61,,50.73280822,14.01089871,3.79,20.81,23.7,463.51,"2026-09-27T08:59:38.242Z",LTE,false,"2026-09-27T08:59:03.206Z","HONOR REA-NX9",-92,-10,-61,24,,,,,,,,,,,,,,,1579
230,1,14438,105124119,410641,23,185,26,-61,,50.73332248,14.01125243,3.79,21.03,23.5,462.94,"2026-09-27T08:59:41.223Z",LTE,false,"2026-09-27T08:59:03.206Z","HONOR REA-NX9",-92,-10,-61,24,,,,,,,,,,,,,,,1579
230,1,14438,105124119,410641,23,185,23,-67,5,50.73383060,14.01161411,3.79,20.31,23.8,462.7,"2026-09-27T08:59:44.226Z",LTE,false,"2026-09-27T08:59:03.206Z","HONOR REA-NX9",-97,-9,-67,10,,,,,,,,,,,,,,,1579
230,1,14438,105124119,410641,23,185,23,-67,5,50.73432004,14.01198316,3.79,19.92,23.2,461.38,"2026-09-27T08:59:47.223Z",LTE,false,"2026-09-27T08:59:03.206Z","HONOR REA-NX9",-97,-9,-67,10,,,,,,,,,,,,,,,1579
230,1,14438,105124119,410641,23,185,23,-67,5,50.73479943,14.01237618,3.79,20.1,22.3,460.04,"2026-09-27T08:59:50.234Z",LTE,false,"2026-09-27T08:59:03.206Z","HONOR REA-NX9",-97,-9,-67,10,,,,,,,,,,,,,,,1579
230,1,14438,105124119,410641,23,185,18,-77,6,50.73528162,14.01279600,3.79,20.49,22.5,459.4,"2026-09-27T08:59:53.225Z",LTE,false,"2026-09-27T08:59:03.206Z","HONOR REA-NX9",-111,-14,-77,8,,,,,,,,,,,,,,,1579
230,1,14438,105124119,410641,23,185,18,-77,6,50.73577329,14.01322102,3.79,21.42,26.1,459.45,"2026-09-27T08:59:56.238Z",LTE,false,"2026-09-27T08:59:03.206Z","HONOR REA-NX9",-111,-14,-77,8,,,,,,,,,,,,,,,1579
230,1,14438,105124119,410641,23,185,18,-77,6,50.73628396,14.01365354,3.79,21.38,25.9,459.31,"2026-09-27T08:59:59.235Z",LTE,false,"2026-09-27T08:59:03.206Z","HONOR REA-NX9",-111,-14,-77,8,,,,,,,,,,,,,,,1579
230,1,14438,105124119,410641,23,185,18,-77,6,50.73677567,14.01407526,3.79,20.74,28.1,458.65,"2026-09-27T09:00:02.231Z",LTE,false,"2026-09-27T08:59:03.206Z","HONOR REA-NX9",-111,-14,-77,8,,,,,,,,,,,,,,,1579
230,1,14438,120399639,470311,23,441,17,-79,42,50.73677567,14.01407526,3.79,20.74,28.1,458.65,"2026-09-27T09:00:03.207Z",LTE,false,"2026-09-27T09:00:03.207Z","HONOR REA-NX9",-113,-16,-79,8,,,,,,,,,,,,,,,1579
230,1,14438,120399639,470311,23,441,17,-79,42,50.73725121,14.01454132,3.79,20.67,35.9,457.63,"2026-09-27T09:00:05.227Z",LTE,false,"2026-09-27T09:00:03.207Z","HONOR REA-NX9",-113,-16,-79,8,,,,,,,,,,,,,,,1579
230,1,14438,120399639,470311,23,441,17,-79,42,50.73771171,14.01503805,3.79,20.59,37.7,455.71,"2026-09-27T09:00:08.237Z",LTE,false,"2026-09-27T09:00:03.207Z","HONOR REA-NX9",-113,-16,-79,8,,,,,,,,,,,,,,,1579
230,1,14438,120399639,470311,23,441,17,-79,42,50.73817723,14.01553872,3.79,20.76,39.5,454.49,"2026-09-27T09:00:11.239Z",LTE,false,"2026-09-27T09:00:03.207Z","HONOR REA-NX9",-113,-16,-79,8,,,,,,,,,,,,,,,1579
230,1,14438,105124119,410641,23,185,20,-73,9,50.73849057,14.01586149,3.79,20.98,37.9,454.2,"2026-09-27T09:00:13.249Z",LTE,false,"2026-09-27T08:59:03.206Z","HONOR REA-NX9",-107,-12,-73,-1,,,,,,,,,,,,,,,1579
230,1,14438,105124119,410641,23,185,20,-73,9,50.73893905,14.01635595,3.79,20.72,38.5,451.62,"2026-09-27T09:00:16.225Z",LTE,false,"2026-09-27T08:59:03.206Z","HONOR REA-NX9",-107,-12,-73,-1,,,,,,,,,,,,,,,1579
230,1,14438,105124119,410641,23,185,20,-73,9,50.73940883,14.01684412,3.79,20.61,36.2,450.35,"2026-09-27T09:00:19.220Z",LTE,false,"2026-09-27T08:59:03.206Z","HONOR REA-NX9",-107,-12,-73,-1,,,,,,,,,,,,,,,1579
230,1,14438,105124119,410641,23,185,20,-73,9,50.73987097,14.01735220,3.79,20.95,36.9,449.41,"2026-09-27T09:00:22.240Z",LTE,false,"2026-09-27T08:59:03.206Z","HONOR REA-NX9",-107,-12,-73,-1,,,,,,,,,,,,,,,1579
230,1,14438,105124119,410641,23,185,25,-63,,50.74034601,14.01786149,3.79,21.16,34.4,448.44,"2026-09-27T09:00:25.234Z",LTE,false,"2026-09-27T08:59:03.206Z","HONOR REA-NX9",-109,-20,-63,4,,,,,,,,,,,,,,,1579
230,1,14438,105124119,410641,23,185,25,-63,,50.74081355,14.01837156,3.79,21.22,34.6,447.41,"2026-09-27T09:00:28.228Z",LTE,false,"2026-09-27T08:59:03.206Z","HONOR REA-NX9",-109,-20,-63,4,,,,,,,,,,,,,,,1579
230,1,14438,105124119,410641,23,185,25,-63,,50.74129151,14.01888428,3.79,21.34,35,448.25,"2026-09-27T09:00:31.227Z",LTE,false,"2026-09-27T08:59:03.206Z","HONOR REA-NX9",-109,-20,-63,4,,,,,,,,,,,,,,,1579
230,1,14438,120399639,470311,23,441,17,-79,,50.74145073,14.01904750,3.79,21.2,34.2,448.1,"2026-09-27T09:00:33.215Z",LTE,false,"2026-09-27T09:00:03.207Z","HONOR REA-NX9",-113,-12,-79,4,,,,,,,,,,,,,,,1579
230,1,14438,120399639,470311,23,441,17,-79,,50.74192798,14.01956619,3.79,21.67,34.5,447.48,"2026-09-27T09:00:35.233Z",LTE,false,"2026-09-27T09:00:03.207Z","HONOR REA-NX9",-113,-12,-79,4,,,,,,,,,,,,,,,1579
230,1,14438,120399639,470311,23,441,17,-79,,50.74240509,14.02005809,3.79,20.85,34.4,447.33,"2026-09-27T09:00:38.229Z",LTE,false,"2026-09-27T09:00:03.207Z","HONOR REA-NX9",-113,-12,-79,4,,,,,,,,,,,,,,,1579
230,1,14438,120399639,470311,23,441,17,-79,,50.74285542,14.02053112,3.79,19.82,33.7,447.2,"2026-09-27T09:00:41.227Z",LTE,false,"2026-09-27T09:00:03.207Z","HONOR REA-NX9",-113,-12,-79,4,,,,,,,,,,,,,,,1579
230,1,14438,120399629,470311,13,389,21,-71,37,50.74299641,14.02068584,3.79,19.2,35.8,447.28,"2026-09-27T09:00:43.201Z",LTE,false,"2026-09-27T09:00:43.201Z","HONOR REA-NX9",-105,-15,-71,2,,,,,,,,,,,,,,,6200
230,1,14438,120399629,470311,13,389,21,-71,37,50.74338959,14.02115383,3.79,17.8,41.1,446.47,"2026-09-27T09:00:45.236Z",LTE,false,"2026-09-27T09:00:43.201Z","HONOR REA-NX9",-105,-15,-71,2,,,,,,,,,,,,,,,6200
230,1,14438,120399629,470311,13,389,21,-71,37,50.74375265,14.02163506,3.79,17.6,43.9,446.05,"2026-09-27T09:00:48.227Z",LTE,false,"2026-09-27T09:00:43.201Z","HONOR REA-NX9",-105,-15,-71,2,,,,,,,,,,,,,,,6200
230,1,14438,120399629,470311,13,389,21,-71,37,50.74410569,14.02214181,3.79,17.87,42.9,445.26,"2026-09-27T09:00:51.234Z",LTE,false,"2026-09-27T09:00:43.201Z","HONOR REA-NX9",-105,-15,-71,2,,,,,,,,,,,,,,,6200
230,1,14438,120399629,470311,13,389,23,-67,,50.74447521,14.02267129,3.79,18.9,42.7,443.99,"2026-09-27T09:00:54.237Z",LTE,false,"2026-09-27T09:00:43.201Z","HONOR REA-NX9",-108,-20,-67,,,,,,,,,,,,,,,,6200
230,1,14438,120399629,470311,13,389,23,-67,,50.74486936,14.02324519,3.79,20.41,43.5,442.16,"2026-09-27T09:00:57.236Z",LTE,false,"2026-09-27T09:00:43.201Z","HONOR REA-NX9",-108,-20,-67,,,,,,,,,,,,,,,,6200
230,1,14438,120399629,470311,13,389,23,-67,,50.74529064,14.02385926,3.79,21.46,41.9,440.13,"2026-09-27T09:01:00.234Z",LTE,false,"2026-09-27T09:00:43.201Z","HONOR REA-NX9",-108,-20,-67,,,,,,,,,,,,,,,,6200
230,1,14438,120399629,470311,13,389,23,-67,,50.74571526,14.02448592,3.79,21.68,40.5,438.14,"2026-09-27T09:01:03.226Z",LTE,false,"2026-09-27T09:00:43.201Z","HONOR REA-NX9",-108,-20,-67,,,,,,,,,,,,,,,,6200
230,1,14438,120399639,470311,23,441,18,-77,,50.74571526,14.02448592,3.79,21.68,40.5,438.14,"2026-09-27T09:01:03.249Z",LTE,false,"2026-09-27T09:00:03.207Z","HONOR REA-NX9",-118,-18,-77,2,,,,,,,,,,,,,,,1579
230,1,14438,120399639,470311,23,441,18,-77,,50.74614271,14.02511980,3.79,21.56,41.7,435.93,"2026-09-27T09:01:06.238Z",LTE,false,"2026-09-27T09:00:03.207Z","HONOR REA-NX9",-118,-18,-77,2,,,,,,,,,,,,,,,1579
230,1,14438,120399639,470311,23,441,18,-77,,50.74656219,14.02574404,3.79,21.47,41.6,433.59,"2026-09-27T09:01:09.236Z",LTE,false,"2026-09-27T09:00:03.207Z","HONOR REA-NX9",-118,-18,-77,2,,,,,,,,,,,,,,,1579
230,1,14438,120399639,470311,23,441,18,-77,,50.74698541,14.02637488,3.79,21.47,43.6,432.08,"2026-09-27T09:01:12.227Z",LTE,false,"2026-09-27T09:00:03.207Z","HONOR REA-NX9",-118,-18,-77,2,,,,,,,,,,,,,,,1579
230,1,14438,120399639,470311,23,441,16,-81,,50.74741139,14.02699395,3.79,21.5,41.7,429.55,"2026-09-27T09:01:15.234Z",LTE,false,"2026-09-27T09:00:03.207Z","HONOR REA-NX9",-116,-13,-81,2,,,,,,,,,,,,,,,1579
230,1,14438,120399639,470311,23,441,16,-81,,50.74783321,14.02761898,3.79,21.46,39.7,427.18,"2026-09-27T09:01:18.234Z",LTE,false,"2026-09-27T09:00:03.207Z","HONOR REA-NX9",-116,-13,-81,2,,,,,,,,,,,,,,,1579
230,1,14438,120399639,470311,23,441,16,-81,,50.74825703,14.02824229,3.79,21.48,39.2,424.65,"2026-09-27T09:01:21.224Z",LTE,false,"2026-09-27T09:00:03.207Z","HONOR REA-NX9",-116,-13,-81,2,,,,,,,,,,,,,,,1579
230,1,14438,120399639,470311,23,441,21,-71,,50.74868239,14.02886252,3.79,21.46,40.8,421.99,"2026-09-27T09:01:24.240Z",LTE,false,"2026-09-27T09:00:03.207Z","HONOR REA-NX9",-112,-20,-71,2,,,,,,,,,,,,,,,1579
230,1,14438,120399639,470311,23,441,21,-71,,50.74910315,14.02948643,3.79,21.5,41.4,419.93,"2026-09-27T09:01:27.236Z",LTE,false,"2026-09-27T09:00:03.207Z","HONOR REA-NX9",-112,-20,-71,2,,,,,,,,,,,,,,,1579
230,1,14438,120399639,470311,23,441,21,-71,,50.74952736,14.03011619,3.79,21.58,46.5,418.02,"2026-09-27T09:01:30.236Z",LTE,false,"2026-09-27T09:00:03.207Z","HONOR REA-NX9",-112,-20,-71,2,,,,,,,,,,,,,,,1579
230,1,14438,105070357,410431,21,292,17,-79,17,50.74995297,14.03074172,3.79,21.79,42.2,415.66,"2026-09-27T09:01:33.224Z",LTE,false,"2026-09-27T09:01:33.224Z","HONOR REA-NX9",-114,-14,-79,2,,,,,,,,,,,,,,,1579
230,1,14438,105070357,410431,21,292,17,-79,17,50.74981175,14.03053151,3.79,21.68,40.5,416.48,"2026-09-27T09:01:33.219Z",LTE,false,"2026-09-27T09:01:33.224Z","HONOR REA-NX9",-114,-14,-79,2,,,,,,,,,,,,,,,1579
230,1,14438,105070357,410431,21,292,17,-79,17,50.75038084,14.03137727,3.79,21.83,44.4,413.55,"2026-09-27T09:01:36.233Z",LTE,false,"2026-09-27T09:01:33.224Z","HONOR REA-NX9",-114,-14,-79,2,,,,,,,,,,,,,,,1579
230,1,14438,105070357,410431,21,292,17,-79,17,50.75079863,14.03199576,3.79,21.16,42.6,411,"2026-09-27T09:01:39.238Z",LTE,false,"2026-09-27T09:01:33.224Z","HONOR REA-NX9",-114,-14,-79,2,,,,,,,,,,,,,,,1579
230,1,14438,105070357,410431,21,292,17,-79,17,50.75119811,14.03259417,3.79,19.87,43,408.99,"2026-09-27T09:01:42.233Z",LTE,false,"2026-09-27T09:01:33.224Z","HONOR REA-NX9",-114,-14,-79,2,,,,,,,,,,,,,,,1579
230,1,14438,105070357,410431,21,292,19,-75,18,50.75154348,14.03308816,3.79,15.57,39.8,407.26,"2026-09-27T09:01:45.236Z",LTE,false,"2026-09-27T09:01:33.224Z","HONOR REA-NX9",-111,-13,-75,2,,,,,,,,,,,,,,,1579
230,1,14438,105070357,410431,21,292,19,-75,18,50.75194117,14.03352024,3.79,13.17,30.7,405.22,"2026-09-27T09:01:49.237Z",LTE,false,"2026-09-27T09:01:33.224Z","HONOR REA-NX9",-111,-13,-75,2,,,,,,,,,,,,,,,1579
230,1,14438,105070357,410431,21,292,19,-75,18,50.75236014,14.03390765,3.79,13.55,33.5,402.93,"2026-09-27T09:01:53.220Z",LTE,false,"2026-09-27T09:01:33.224Z","HONOR REA-NX9",-111,-13,-75,2,,,,,,,,,,,,,,,1579
230,1,14438,105070357,410431,21,292,19,-75,20,50.75276583,14.03423578,3.79,12.35,16.1,401.02,"2026-09-27T09:01:57.226Z",LTE,false,"2026-09-27T09:01:33.224Z","HONOR REA-NX9",-111,-17,-75,5,,,,,,,,,,,,,,,1579
230,1,14438,105070357,410431,21,292,19,-75,20,50.75321884,14.03425678,3.79,12.66,18.8,399.02,"2026-09-27T09:02:01.227Z",LTE,false,"2026-09-27T09:01:33.224Z","HONOR REA-NX9",-111,-17,-75,5,,,,,,,,,,,,,,,1579
230,1,14438,105070357,410431,21,292,18,-77,19,50.75360737,14.03460845,3.79,12.37,38.8,398.26,"2026-09-27T09:02:05.226Z",LTE,false,"2026-09-27T09:01:33.224Z","HONOR REA-NX9",-112,-14,-77,1,,,,,,,,,,,,,,,1579
230,1,14438,105070357,410431,21,292,18,-77,19,50.75396766,14.03508478,3.79,13.76,43,396.74,"2026-09-27T09:02:09.224Z",LTE,false,"2026-09-27T09:01:33.224Z","HONOR REA-NX9",-112,-14,-77,1,,,,,,,,,,,,,,,1579
230,1,14438,120399639,470311,23,441,19,-75,26,50.75426895,14.03543597,3.79,13.58,29.6,396.01,"2026-09-27T09:02:13.174Z",LTE,false,"2026-09-27T09:00:03.207Z","HONOR REA-NX9",-112,-17,-75,-1,,,,,,,,,,,,,,,1579
230,1,14438,120399639,470311,23,441,19,-75,26,50.75473160,14.03573997,3.79,14.04,24.1,394.62,"2026-09-27T09:02:16.228Z",LTE,false,"2026-09-27T09:00:03.207Z","HONOR REA-NX9",-112,-17,-75,-1,,,,,,,,,,,,,,,1579
230,1,14438,120399639,470311,23,441,19,-75,26,50.76025631,14.10340443,3.79,12.15,80.5,310.35,"2026-09-27T09:08:47.286Z",LTE,false,"2026-09-27T09:00:03.207Z","HONOR REA-NX9",-112,-17,-75,-1,,,,,,,,,,,,,,,1579
230,1,14438,120374039,470211,23,332,25,-63,,50.76025631,14.10340443,3.79,12.15,80.5,310.35,"2026-09-27T09:08:47.419Z",LTE,false,"2026-09-27T09:08:47.419Z","HONOR REA-NX9",-96,-11,-63,7,,,,,,,,,,,,,,,1579
230,1,14438,120374039,470211,23,332,25,-63,,50.76040390,14.10404733,3.79,12.22,59.8,308.95,"2026-09-27T09:08:51.222Z",LTE,false,"2026-09-27T09:08:47.419Z","HONOR REA-NX9",-96,-11,-63,7,,,,,,,,,,,,,,,1579
230,1,14438,120374039,470211,23,332,25,-63,,50.76066068,14.10465289,3.79,13.12,56.1,305.89,"2026-09-27T09:08:55.218Z",LTE,false,"2026-09-27T09:08:47.419Z","HONOR REA-NX9",-96,-11,-63,7,,,,,,,,,,,,,,,1579
230,1,14438,120374039,470211,23,332,25,-63,,50.76091659,14.10522800,3.79,11.63,56.5,304.1,"2026-09-27T09:08:59.221Z",LTE,false,"2026-09-27T09:08:47.419Z","HONOR REA-NX9",-95,-13,-63,7,,,,,,,,,,,,,,,1579
230,1,14438,120374039,470211,23,332,25,-63,,50.76116270,14.10578325,3.79,12.25,53.7,303.52,"2026-09-27T09:09:03.223Z",LTE,false,"2026-09-27T09:08:47.419Z","HONOR REA-NX9",-95,-13,-63,7,,,,,,,,,,,,,,,1579
230,1,14438,120374039,470211,23,332,25,-63,,50.76140706,14.10635720,3.79,11.84,56.2,303.28,"2026-09-27T09:09:07.224Z",LTE,false,"2026-09-27T09:08:47.419Z","HONOR REA-NX9",-95,-13,-63,7,,,,,,,,,,,,,,,1579
230,1,14438,120374039,470211,23,332,28,-57,,50.76174950,14.10689706,3.79,10.52,32.7,303.86,"2026-09-27T09:09:12.233Z",LTE,false,"2026-09-27T09:08:47.419Z","HONOR REA-NX9",-99,-20,-57,7,,,,,,,,,,,,,,,1579
230,1,14438,120374039,470211,23,332,28,-57,,50.76215264,14.10704648,3.79,11.9,16.2,302.26,"2026-09-27T09:09:16.218Z",LTE,false,"2026-09-27T09:08:47.419Z","HONOR REA-NX9",-99,-20,-57,7,,,,,,,,,,,,,,,1579
230,1,14438,120374039,470211,23,332,31,-51,,50.76257451,14.10716549,3.79,11.76,17.5,299.38,"2026-09-27T09:09:20.220Z",LTE,false,"2026-09-27T09:08:47.419Z","HONOR REA-NX9",-82,-11,-51,1,,,,,,,,,,,,,,,1579
230,1,14438,120374039,470211,23,332,31,-51,,50.76289860,14.10774888,3.79,11.14,71.7,297.65,"2026-09-27T09:09:25.228Z",LTE,false,"2026-09-27T09:08:47.419Z","HONOR REA-NX9",-82,-11,-51,1,,,,,,,,,,,,,,,1579
230,1,14438,120374038,470211,22,317,25,-63,0,50.76294620,14.10804359,3.79,10.68,80.2,297.5,"2026-09-27T09:09:27.301Z",LTE,false,"2026-09-27T09:09:27.301Z","HONOR REA-NX9",-98,-11,-63,11,,,,,,,,,,,,,,,1579
230,1,14438,120374038,470211,22,317,25,-63,0,50.76305800,14.10867838,3.79,3.64,44.7,297.04,"2026-09-27T09:09:36.223Z",LTE,false,"2026-09-27T09:09:27.301Z","HONOR REA-NX9",-98,-11,-63,11,,,,,,,,,,,,,,,1579
230,1,14438,120374038,470211,22,317,31,-51,,50.76334312,14.10925475,3.79,8.22,85.6,296.47,"2026-09-27T09:09:45.235Z",LTE,false,"2026-09-27T09:09:27.301Z","HONOR REA-NX9",-83,-6,-51,8,,,,,,,,,,,,,,,1579
230,1,14438,120374037,470211,21,316,25,-63,,50.76337590,14.10953366,3.79,10.9,79.5,295.92,"2026-09-27T09:09:47.280Z",LTE,false,"2026-09-27T09:09:47.280Z","HONOR REA-NX9",-98,-12,-63,4,,,,,,,,,,,,,,,1579
230,1,14438,120374037,470211,21,316,25,-63,,50.76345929,14.11019879,3.79,12.4,78.8,295.03,"2026-09-27T09:09:51.227Z",LTE,false,"2026-09-27T09:09:47.280Z","HONOR REA-NX9",-98,-12,-63,4,,,,,,,,,,,,,,,1579
230,1,14438,120374037,470211,21,316,25,-63,,50.76354990,14.11086706,3.79,11.85,86.5,294.13,"2026-09-27T09:09:55.226Z",LTE,false,"2026-09-27T09:09:47.280Z","HONOR REA-NX9",-98,-12,-63,4,,,,,,,,,,,,,,,1579
230,1,14438,120374037,470211,21,316,29,-55,,50.76366960,14.11151516,3.79,11.89,75.9,293.82,"2026-09-27T09:09:59.226Z",LTE,false,"2026-09-27T09:09:47.280Z","HONOR REA-NX9",-87,-11,-55,4,,,,,,,,,,,,,,,1579
230,1,14438,120374037,470211,21,316,29,-55,,50.76385207,14.11214420,3.79,12.4,65.1,293.39,"2026-09-27T09:10:03.235Z",LTE,false,"2026-09-27T09:09:47.280Z","HONOR REA-NX9",-87,-11,-55,4,,,,,,,,,,,,,,,1579
230,1,14438,120374037,470211,21,316,29,-55,,50.76408195,14.11274904,3.79,12.26,58.4,293.04,"2026-09-27T09:10:07.235Z",LTE,false,"2026-09-27T09:09:47.280Z","HONOR REA-NX9",-87,-11,-55,4,,,,,,,,,,,,,,,1579
230,1,14438,120374037,470211,21,316,23,-67,,50.76431646,14.11333825,3.79,12.03,50.1,293.35,"2026-09-27T09:10:11.239Z",LTE,false,"2026-09-27T09:09:47.280Z","HONOR REA-NX9",-100,-11,-67,4,,,,,,,,,,,,,,,1579
230,1,14438,120374037,470211,21,316,23,-67,,50.76454547,14.11391683,3.79,12.13,63.8,294.12,"2026-09-27T09:10:15.244Z",LTE,false,"2026-09-27T09:09:47.280Z","HONOR REA-NX9",-100,-11,-67,4,,,,,,,,,,,,,,,1579
230,1,14438,120374037,470211,21,316,20,-73,,50.76478033,14.11453335,3.79,13.19,62.6,294.7,"2026-09-27T09:10:19.231Z",LTE,false,"2026-09-27T09:09:47.280Z","HONOR REA-NX9",-103,-8,-73,4,,,,,,,,,,,,,,,1579
230,1,14438,120374037,470211,21,316,20,-73,,50.76504725,14.11520626,3.79,14.26,52.6,295.2,"2026-09-27T09:10:23.227Z",LTE,false,"2026-09-27T09:09:47.280Z","HONOR REA-NX9",-103,-8,-73,4,,,,,,,,,,,,,,,1579
230,1,14438,120374037,470211,21,316,20,-73,,50.76532066,14.11591949,3.79,14.99,53.9,294.33,"2026-09-27T09:10:27.231Z",LTE,false,"2026-09-27T09:09:47.280Z","HONOR REA-NX9",-103,-8,-73,4,,,,,,,,,,,,,,,1579
230,1,14438,120374037,470211,21,316,18,-77,3,50.76559791,14.11664796,3.79,14.96,55.6,292.96,"2026-09-27T09:10:31.234Z",LTE,false,"2026-09-27T09:09:47.280Z","HONOR REA-NX9",-110,-11,-77,13,,,,,,,,,,,,,,,1579
230,1,14438,120374037,470211,21,316,18,-77,3,50.76592103,14.11730641,3.79,14.61,41.9,292.04,"2026-09-27T09:10:35.236Z",LTE,false,"2026-09-27T09:09:47.280Z","HONOR REA-NX9",-110,-11,-77,13,,,,,,,,,,,,,,,1579
230,1,14438,120374037,470211,21,316,13,-87,,50.76632207,14.11786523,3.79,15.04,43.7,289.21,"2026-09-27T09:10:39.232Z",LTE,false,"2026-09-27T09:09:47.280Z","HONOR REA-NX9",-118,-10,-87,4,,,,,,,,,,,,,,,1579
230,1,14438,120374037,470211,21,316,13,-87,,50.76672023,14.11842177,3.79,14.06,41.5,286.42,"2026-09-27T09:10:43.224Z",LTE,false,"2026-09-27T09:09:47.280Z","HONOR REA-NX9",-118,-10,-87,4,,,,,,,,,,,,,,,1579
230,1,14438,120374037,470211,21,316,13,-87,,50.76710053,14.11894778,3.79,14.14,41.5,283.57,"2026-09-27T09:10:47.227Z",LTE,false,"2026-09-27T09:09:47.280Z","HONOR REA-NX9",-118,-10,-87,4,,,,,,,,,,,,,,,1579
230,1,14438,120374037,470211,21,316,13,-87,,50.76749539,14.11948102,3.79,14.56,37,281.17,"2026-09-27T09:10:51.229Z",LTE,false,"2026-09-27T09:09:47.280Z","HONOR REA-NX9",-118,-9,-87,7,,,,,,,,,,,,,,,1579
230,1,14438,120374037,470211,21,316,13,-87,,50.76790035,14.11999974,3.79,14.07,34.5,278.21,"2026-09-27T09:10:55.233Z",LTE,false,"2026-09-27T09:09:47.280Z","HONOR REA-NX9",-118,-9,-87,7,,,,,,,,,,,,,,,1579
230,1,14438,120374027,470211,11,56,14,-85,7,50.76810384,14.12022738,3.79,13.93,30.3,277.41,"2026-09-27T09:10:57.335Z",LTE,false,"2026-09-27T09:10:57.335Z","HONOR REA-NX9",-114,-10,-85,7,,,,,,,,,,,,,,,6200
230,1,14438,120374027,470211,11,56,14,-85,7,50.76850232,14.12069763,3.79,13.83,34.8,275.6,"2026-09-27T09:11:01.233Z",LTE,false,"2026-09-27T09:10:57.335Z","HONOR REA-NX9",-114,-10,-85,7,,,,,,,,,,,,,,,6200
230,1,14438,120374027,470211,11,56,14,-85,7,50.76890158,14.12116167,3.79,13.64,38.3,273.85,"2026-09-27T09:11:05.224Z",LTE,false,"2026-09-27T09:10:57.335Z","HONOR REA-NX9",-114,-10,-85,7,,,,,,,,,,,,,,,6200
230,1,14438,120374027,470211,11,56,14,-85,,50.76929506,14.12162139,3.79,13.38,35.2,273.13,"2026-09-27T09:11:09.228Z",LTE,false,"2026-09-27T09:10:57.335Z","HONOR REA-NX9",-114,-12,-85,5,,,,,,,,,,,,,,,6200
230,1,14438,120374027,470211,11,56,14,-85,,50.76972617,14.12179850,3.79,12.74,346.4,273,"2026-09-27T09:11:13.228Z",LTE,false,"2026-09-27T09:10:57.335Z","HONOR REA-NX9",-114,-12,-85,5,,,,,,,,,,,,,,,6200
230,1,14438,120374027,470211,11,56,14,-85,,50.77016484,14.12154214,3.79,13.33,335.9,272.34,"2026-09-27T09:11:17.235Z",LTE,false,"2026-09-27T09:10:57.335Z","HONOR REA-NX9",-114,-12,-85,5,,,,,,,,,,,,,,,6200
230,1,14438,122678029,479211,13,13,17,-79,,50.77016484,14.12154214,3.79,13.33,335.9,272.34,"2026-09-27T09:11:17.297Z",LTE,false,"2026-09-27T09:11:17.297Z","HONOR REA-NX9",-113,-16,-79,5,,,,,,,,,,,,,,,6200
230,1,14438,122678029,479211,13,13,17,-79,,50.77057481,14.12123696,3.79,11.79,339.5,272.5,"2026-09-27T09:11:21.230Z",LTE,false,"2026-09-27T09:11:17.297Z","HONOR REA-NX9",-113,-16,-79,5,,,,,,,,,,,,,,,6200
230,1,14438,122678029,479211,13,13,17,-79,,50.77101796,14.12092630,3.79,11.24,342.2,269.47,"2026-09-27T09:11:26.232Z",LTE,false,"2026-09-27T09:11:17.297Z","HONOR REA-NX9",-113,-16,-79,5,,,,,,,,,,,,,,,6200
230,1,14438,122678029,479211,13,13,21,-71,17,50.77152214,14.12101952,3.79,12.04,24,267.67,"2026-09-27T09:11:31.225Z",LTE,false,"2026-09-27T09:11:17.297Z","HONOR REA-NX9",-105,-14,-71,6,,,,,,,,,,,,,,,6200
230,1,14438,122678029,479211,13,13,21,-71,17,50.77193326,14.12136466,3.79,13.26,28.6,266.24,"2026-09-27T09:11:35.231Z",LTE,false,"2026-09-27T09:11:17.297Z","HONOR REA-NX9",-105,-14,-71,6,,,,,,,,,,,,,,,6200
230,1,14438,122678029,479211,13,13,20,-73,,50.77234142,14.12171364,3.79,12.73,28.5,265.47,"2026-09-27T09:11:39.229Z",LTE,false,"2026-09-27T09:11:17.297Z","HONOR REA-NX9",-105,-14,-73,12,,,,,,,,,,,,,,,6200
230,1,14438,122678029,479211,13,13,20,-73,,50.77370948,14.12512367,3.79,13.12,57.8,267.75,"2026-09-27T09:12:03.337Z",LTE,false,"2026-09-27T09:11:17.297Z","HONOR REA-NX9",-105,-14,-73,12,,,,,,,,,,,,,,,6200
230,1,14438,122678039,479211,23,213,16,-81,,50.77370948,14.12512367,3.79,13.12,57.8,267.75,"2026-09-27T09:12:03.378Z",LTE,false,"2026-09-27T09:12:03.378Z","HONOR REA-NX9",-112,-11,-81,9,,,,,,,,,,,,,,,1579
230,1,14438,122678039,479211,23,213,16,-81,,50.77391093,14.12582177,3.79,13.5,66.5,265.52,"2026-09-27T09:12:07.231Z",LTE,false,"2026-09-27T09:12:03.378Z","HONOR REA-NX9",-112,-11,-81,9,,,,,,,,,,,,,,,1579
230,1,14438,122678039,479211,23,213,16,-81,,50.77412134,14.12651221,3.79,13.55,51.1,263.78,"2026-09-27T09:12:11.217Z",LTE,false,"2026-09-27T09:12:03.378Z","HONOR REA-NX9",-112,-11,-81,9,,,,,,,,,,,,,,,1579
230,1,14438,122678039,479211,23,213,20,-73,13,50.77446615,14.12704400,3.79,13.3,36.1,262.6,"2026-09-27T09:12:15.231Z",LTE,false,"2026-09-27T09:12:03.378Z","HONOR REA-NX9",-108,-14,-73,11,,,,,,,,,,,,,,,1579
230,1,14438,122678039,479211,23,213,20,-73,13,50.77482607,14.12750913,3.79,12.88,39.8,262.64,"2026-09-27T09:12:19.240Z",LTE,false,"2026-09-27T09:12:03.378Z","HONOR REA-NX9",-108,-14,-73,11,,,,,,,,,,,,,,,1579
230,1,14438,122678039,479211,23,213,19,-75,,50.77517269,14.12799399,3.79,13.01,40.6,263.8,"2026-09-27T09:12:23.224Z",LTE,false,"2026-09-27T09:12:03.378Z","HONOR REA-NX9",-115,-16,-75,18,,,,,,,,,,,,,,,1579
230,1,14438,122678039,479211,23,213,19,-75,,50.77549867,14.12851073,3.79,12.65,49.7,264.87,"2026-09-27T09:12:27.235Z",LTE,false,"2026-09-27T09:12:03.378Z","HONOR REA-NX9",-115,-16,-75,18,,,,,,,,,,,,,,,1579
230,1,14438,122678039,479211,23,213,19,-75,,50.77576749,14.12911450,3.79,13.22,58.6,263.2,"2026-09-27T09:12:31.223Z",LTE,false,"2026-09-27T09:12:03.378Z","HONOR REA-NX9",-115,-16,-75,18,,,,,,,,,,,,,,,1579
230,1,14438,122678039,479211,23,213,25,-63,11,50.77599740,14.12979371,3.79,13.42,63.1,260.86,"2026-09-27T09:12:35.217Z",LTE,false,"2026-09-27T09:12:03.378Z","HONOR REA-NX9",-92,-12,-63,12,,,,,,,,,,,,,,,1579
230,1,14438,122678039,479211,23,213,25,-63,11,50.77624802,14.13051419,3.79,15.18,62.1,257.84,"2026-09-27T09:12:39.234Z",LTE,false,"2026-09-27T09:12:03.378Z","HONOR REA-NX9",-92,-12,-63,12,,,,,,,,,,,,,,,1579
230,1,14438,122678039,479211,23,213,25,-63,11,50.77645496,14.13111196,3.79,16.09,60.1,255.82,"2026-09-27T09:12:42.223Z",LTE,false,"2026-09-27T09:12:03.378Z","HONOR REA-NX9",-92,-12,-63,12,,,,,,,,,,,,,,,1579
230,1,14438,122678039,479211,23,213,18,-77,,50.77666189,14.13171635,3.79,16.33,62.6,253.73,"2026-09-27T09:12:45.227Z",LTE,false,"2026-09-27T09:12:03.378Z","HONOR REA-NX9",-104,-8,-77,26,,,,,,,,,,,,,,,1579
230,1,14438,122678039,479211,23,213,18,-77,,50.77688972,14.13232636,3.79,16.63,60.1,251.87,"2026-09-27T09:12:48.239Z",LTE,false,"2026-09-27T09:12:03.378Z","HONOR REA-NX9",-104,-8,-77,26,,,,,,,,,,,,,,,1579
230,1,14438,122678039,479211,23,213,18,-77,,50.77714372,14.13289116,3.79,16.59,54.5,249.19,"2026-09-27T09:12:51.230Z",LTE,false,"2026-09-27T09:12:03.378Z","HONOR REA-NX9",-104,-8,-77,26,,,,,,,,,,,,,,,1579
230,1,14438,122678039,479211,23,213,25,-63,,50.77746446,14.13355946,3.79,13.98,54.9,246.31,"2026-09-27T09:12:55.234Z",LTE,false,"2026-09-27T09:12:03.378Z","HONOR REA-NX9",-100,-17,-63,26,,,,,,,,,,,,,,,1579
230,1,14438,122678039,479211,23,213,25,-63,,50.77775972,14.13419543,3.79,13.97,52.7,243.94,"2026-09-27T09:12:59.228Z",LTE,false,"2026-09-27T09:12:03.378Z","HONOR REA-NX9",-100,-17,-63,26,,,,,,,,,,,,,,,1579
230,1,14438,122678039,479211,23,213,18,-77,,50.77805804,14.13482371,3.79,13.6,49.4,242.29,"2026-09-27T09:13:03.231Z",LTE,false,"2026-09-27T09:12:03.378Z","HONOR REA-NX9",-107,-9,-77,26,,,,,,,,,,,,,,,1579
230,1,14438,122678039,479211,23,213,18,-77,,50.77832363,14.13547148,3.79,13.6,58.6,240.94,"2026-09-27T09:13:07.226Z",LTE,false,"2026-09-27T09:12:03.378Z","HONOR REA-NX9",-107,-9,-77,26,,,,,,,,,,,,,,,1579
230,1,14438,122678039,479211,23,213,18,-77,,50.77853264,14.13616493,3.79,13.41,57.8,239.67,"2026-09-27T09:13:11.225Z",LTE,false,"2026-09-27T09:12:03.378Z","HONOR REA-NX9",-107,-9,-77,26,,,,,,,,,,,,,,,1579
230,1,14438,122678039,479211,23,213,30,-53,,50.77872965,14.13687904,3.79,13.77,61.7,238.76,"2026-09-27T09:13:15.224Z",LTE,false,"2026-09-27T09:12:03.378Z","HONOR REA-NX9",-92,-17,-53,21,,,,,,,,,,,,,,,1579
230,1,14438,122678039,479211,23,213,30,-53,,50.77892965,14.13762490,3.79,14.71,55.1,237.31,"2026-09-27T09:13:19.228Z",LTE,false,"2026-09-27T09:12:03.378Z","HONOR REA-NX9",-92,-17,-53,21,,,,,,,,,,,,,,,1579
230,1,14438,122678039,479211,23,213,23,-67,,50.77920118,14.13836598,3.79,14.99,48.9,236.26,"2026-09-27T09:13:23.232Z",LTE,false,"2026-09-27T09:12:03.378Z","HONOR REA-NX9",-96,-9,-67,23,,,,,,,,,,,,,,,1579
230,1,14438,122678039,479211,23,213,23,-67,,50.77949029,14.13907740,3.79,14.8,59.6,235.29,"2026-09-27T09:13:27.237Z",LTE,false,"2026-09-27T09:12:03.378Z","HONOR REA-NX9",-96,-9,-67,23,,,,,,,,,,,,,,,1579
230,1,14438,122678039,479211,23,213,23,-67,,50.77974841,14.13977533,3.79,13.29,63.2,234.22,"2026-09-27T09:13:31.238Z",LTE,false,"2026-09-27T09:12:03.378Z","HONOR REA-NX9",-96,-9,-67,23,,,,,,,,,,,,,,,1579
230,1,14438,122678039,479211,23,213,25,-63,5,50.77994678,14.14043251,3.79,12.52,63.4,233.94,"2026-09-27T09:13:35.228Z",LTE,false,"2026-09-27T09:12:03.378Z","HONOR REA-NX9",-99,-14,-63,21,,,,,,,,,,,,,,,1579
230,1,14438,122678039,479211,23,213,25,-63,5,50.78013645,14.14108640,3.79,12.6,78.7,233.67,"2026-09-27T09:13:39.234Z",LTE,false,"2026-09-27T09:12:03.378Z","HONOR REA-NX9",-99,-14,-63,21,,,,,,,,,,,,,,,1579
230,1,14438,122678039,479211,23,213,23,-67,,50.78031366,14.14175459,3.79,12.4,79.5,233.2,"2026-09-27T09:13:43.234Z",LTE,false,"2026-09-27T09:12:03.378Z","HONOR REA-NX9",-102,-13,-67,24,,,,,,,,,,,,,,,1579
230,1,14438,122678039,479211,23,213,23,-67,,50.78039472,14.14242933,3.79,12.07,82.2,233.18,"2026-09-27T09:13:47.230Z",LTE,false,"2026-09-27T09:12:03.378Z","HONOR REA-NX9",-102,-13,-67,24,,,,,,,,,,,,,,,1579
230,1,14438,122678039,479211,23,213,23,-67,,50.78045920,14.14313637,3.79,13.16,81.9,232.23,"2026-09-27T09:13:51.225Z",LTE,false,"2026-09-27T09:12:03.378Z","HONOR REA-NX9",-102,-13,-67,24,,,,,,,,,,,,,,,1579
230,1,14438,122678039,479211,23,213,25,-63,,50.78052946,14.14389647,3.79,13.76,82.6,230.94,"2026-09-27T09:13:55.228Z",LTE,false,"2026-09-27T09:12:03.378Z","HONOR REA-NX9",-93,-9,-63,24,,,,,,,,,,,,,,,1579
230,1,14438,122678039,479211,23,213,25,-63,,50.78060487,14.14467832,3.79,13.87,82.7,229.76,"2026-09-27T09:13:59.229Z",LTE,false,"2026-09-27T09:12:03.378Z","HONOR REA-NX9",-93,-9,-63,24,,,,,,,,,,,,,,,1579
230,1,14438,122678039,479211,23,213,28,-57,3,50.78067476,14.14545450,3.79,13.88,79.6,228.38,"2026-09-27T09:14:03.226Z",LTE,false,"2026-09-27T09:12:03.378Z","HONOR REA-NX9",-94,-11,-57,20,,,,,,,,,,,,,,,1579
230,1,14438,122678039,479211,23,213,28,-57,3,50.78074919,14.14620094,3.79,12.73,73.4,227.98,"2026-09-27T09:14:07.234Z",LTE,false,"2026-09-27T09:12:03.378Z","HONOR REA-NX9",-94,-11,-57,20,,,,,,,,,,,,,,,1579
230,1,14438,122678039,479211,23,213,28,-57,3,50.78082205,14.14690572,3.79,12.6,75,227.64,"2026-09-27T09:14:11.234Z",LTE,false,"2026-09-27T09:12:03.378Z","HONOR REA-NX9",-94,-11,-57,20,,,,,,,,,,,,,,,1579
230,1,14438,122678039,479211,23,213,31,-51,2,50.78089183,14.14759864,3.79,12.53,82.1,227.09,"2026-09-27T09:14:15.222Z",LTE,false,"2026-09-27T09:12:03.378Z","HONOR REA-NX9",-77,-13,-51,16,,,,,,,,,,,,,,,1579
230,1,14438,122678039,479211,23,213,31,-51,2,50.78095794,14.14832211,3.79,13.24,81.9,226.17,"2026-09-27T09:14:19.252Z",LTE,false,"2026-09-27T09:12:03.378Z","HONOR REA-NX9",-77,-13,-51,16,,,,,,,,,,,,,,,1579
